aanbevelingscomité	0
aanbevelingscomités	0
aankoopcomité	0
acte de présence	0
actiecomité	0
Actiecomité	0
actiecomités	0
adviescomité	0
Adviescomité	0
adviescomités	0
aide-mémoire	0
aide-mémoiretje	0
Aimé	0
Aimée	0
Aimées	0
Aimés	0
Além	0
Alizée	0
Alizées	0
álle	1
alléén	1
allemáál	1
álles	1
áls	1
áltijd	1
Amélie	0
Amélies	0
ánder	1
ándere	1
ánderen	1
ánders	1
André	0
Andrés	0
Andrés'	0
Angélica	0
Angélique	0
Angéliques	0
appliqué	0
arrivé	0
arrivés	0
artiestencafé	0
associé	0
associés	0
Associés	0
Asunción	0
attaché	0
Attaché	0
attachékoffer	0
attachékoffers	0
attachékoffertje	0
attachékoffertjes	0
attachés	0
Attachés	0
auditcomité	0
Auditcomité	0
auditcomités	0
Aurélie	0
Aurélies	0
au sérieux	0
baancafé	0
baancafés	0
Baaré	0
balie-employé	0
balie-employés	0
bal masqué	0
bals masqués	0
bankemployé	0
bankemployés	0
Baré	0
barré	0
Barré	0
barréakkoord	0
barréakkoorden	0
barrés	0
basistracé	0
beauté	0
Beauté	0
beautés	0
béétje	1
begeleidingscomité	0
Begeleidingscomité	0
beheercomité	0
beheerscomité	0
Beheerscomité	0
beheerscomités	0
behóórlijk	1
béíde	1
beleidscomité	0
Beleidscomité	0
belle époque	0
beloningscomité	0
bemiddelingscomité	0
bén	1
Bénédicte	0
beroepscomité	0
Beroepscomité	0
bestáán	1
bestáát	1
béste	1
bestuurscomité	0
Bestuurscomité	0
bestuurscomités	0
béter	1
beurscomité	0
bewonerscomité	0
Bewonerscomité	0
bewonerscomités	0
Beyoncé	0
Beyoncés	0
biercafé	0
bínnen	1
blasé	0
Blasé	0
bluescafé	0
Boelé	0
Boeré	0
Boerée	0
bouclé	0
bouwcomité	0
bóven	1
brûlée	0
btw-comité	0
Btw-comité	0
búíten	1
Bulté	0
Buné	0
burgercomité	0
burgercomités	0
buurtcafé	0
Buurtcafé	0
buurtcafés	0
buurtcomité	0
Buurtcomité	0
buurtcomités	0
Cádiz	0
café	0
Café	0
cafébaas	0
Cafébaas	0
cafébazen	0
cafébazin	0
cafébedrijf	0
cafébedrijven	0
cafébezoek	0
cafébezoeken	0
cafébezoeker	0
cafébezoekers	0
cafébezoekje	0
cafébrand	0
Cafébrand	0
café-brasserie	0
café-brasseries	0
café chantant	0
café chantants	0
café-eigenaar	0
café-eigenaars	0
café-eigenaren	0
cafégangers	0
cafégedeelte	0
caféhouder	0
Caféhouder	0
caféhouders	0
Caféhouders	0
caféhoudster	0
caféleven	0
café noir	0
cafépils	0
cafépilsje	0
café-restaurant	0
Café-restaurant	0
Café-Restaurant	0
café-restaurants	0
caféruimte	0
caférust	0
caféruzie	0
caféruzies	0
cafés	0
Cafés	0
cafés noirs	0
caféstoelen	0
cafétafel	0
cafétafels	0
cafétafeltje	0
cafétafeltjes	0
caféterras	0
caféterrasje	0
caféterrasjes	0
caféterrassen	0
café-uitbater	0
café-uitbaters	0
canapé	0
canapépolitiek	0
canapés	0
carré	0
Carré	0
carrés	0
Castelré	0
Cathérine	0
Cathérines	0
Cécile	0
Céciles	0
Cédric	0
Cédrics	0
Céline	0
Célines	0
César	0
Césars	0
Cézanne	0
Cézannes	0
Ché	0
chef d'équipe	0
chefs d'équipe	0
Chés	0
Chloé	0
Chloés	0
Chrétien	0
cité	0
Cité	0
cités	0
Cités	0
Clémence	0
Clémences	0
Clément	0
Cléments	0
cliché	0
Cliché	0
clichébeeld	0
clichébeelden	0
clichématig	0
Clichématig	0
clichématige	0
clichématigheid	0
clichés	0
Clichés	0
cliché-uitdrukking	0
cliché-uitdrukkingen	0
comédienne	0
comédiennes	0
comité	0
Comité	0
comité-generaal	0
comitéleden	0
comitélid	0
comitéprocedure	0
Comitéprocedure	0
comités	0
Comités	0
communiqué	0
Communiqué	0
communiqués	0
comprimé	0
comprimés	0
confrérie	0
Confrérie	0
confrérieën	0
confréries	0
congé	0
Congé	0
congés	0
Congés	0
consommé	0
conté	0
Conté	0
controlecomité	0
Controlecomité	0
controlecomités	0
coördinatiecomité	0
Coördinatiecomité	0
coördinatiecomités	0
Corné	0
Cornés	0
coupé	0
Coupé	0
coupéachtig	0
coupéachtige	0
coupédeur	0
coupédeuren	0
coupés	0
craquelé	0
crémant	0
Crémant	0
crémants	0
crème brûlée	0
crisiscomité	0
crisiscomités	0
cultivéparel	0
cultivéparels	0
cybercafé	0
cybercafés	0
dáár	1
Dáár	1
dááraan	1
dáárdoor	1
dáárheen	1
dáárin	1
dáármee	1
dáárna	1
daarná	1
Daarná	1
daarnáást	1
dáárom	1
Dáárom	1
dáárop	1
dáárover	1
Dáárover	1
dáárvoor	1
Dáárvoor	1
daarvóór	1
Daarvóór	1
damescomité	0
damescoupé	0
dán	1
danscafé	0
danscafés	0
Daphné	0
Daphnés	0
dát	1
dé	1
débouché	0
débouchés	0
decafeïné	0
déchéance	0
déchéances	0
decolleté	0
decolletés	0
defilé	0
Defilé	0
defilés	0
dégénéré	0
dégénérée	0
dégénérées	0
dégénéreetje	0
dégénéréetje	0
dégénérés	0
déjà	0
déjà vu	0
déjà-vugevoel	0
déjà vu's	0
déjà vuutje	0
délégué	0
déléguée	0
déléguées	0
délégueetje	0
délégués	0
demasqué	0
demasqués	0
dénk	1
dénken	1
deputé	0
deputés	0
d'équipe	0
Desiré	0
Désiré	0
Desirée	0
Désirée	0
Desirées	0
Désirées	0
Desirés	0
Désirés	0
détail	1
déze	1
díé	1
directiecomité	0
Directiecomité	0
directiecomités	0
Directiecomités	0
dít	1
djahé	0
djembé	0
Djembé	0
djembés	0
Doén	0
Doná	0
doopcomité	0
dóór	1
dóórgaan	1
dóórvragen	1
dorpscafé	0
Dorpscafé	0
dorpscafés	0
doublé	0
Dré	0
Drés	0
Durán	0
dús	1
ecarté	0
échéance	0
échéances	0
écht	1
échte	1
Edmée	0
Edmées	0
Eén	1
één	1
éénduidige	1
één duizendste	1
éénheid	1
éénheidsworst	1
éénjarig	1
éénjarige	1
Eénmaal	1
éénmaal	1
éénmalig	1
éénmalige	1
éénoudergezinnen	1
éénrichtingsverkeer	1
ééns	1
ééntalig	1
ééntalige	1
één tiende	1
ééntje	1
één vijfde	1
éénzijdig	1
éénzijdige	1
éér	1
éérder	1
éérlijk	1
éérst	1
éérste	1
eersteklascoupé	0
eersteklascoupés	0
eetcafé	0
Eetcafé	0
eetcafés	0
Eíndelijk	1
éíndelijk	1
élégance	0
Eléonore	0
Eléonores	0
élk	1
élke	1
Elysée	0
éminence	0
éminence grise	0
éminences grises	0
employé	0
employés	0
EMTÉ	0
én	1
en détail	0
éne	1
énig	1
énige	1
énkel	1
énkele	1
énorm	1
époque	0
erecomité	0
erecomités	0
érg	1
ervóór	1
Esmé	0
Esmée	0
Esmées	0
Esmés	0
Estée	0
Estées	0
evacué	0
evacués	0
evaluatiecomité	0
éven	1
exposé	0
Exposé	0
exposés	0
Fé	0
feestcafé	0
Feestcafé	0
feestcomité	0
Feestcomité	0
feestcomités	0
Félice	0
Félices	0
Féline	0
Félines	0
Félix	0
Félix'	0
Fernandéz	0
Fés	0
fiancé	0
fiancés	0
fietscafé	0
fietscafés	0
Fré	0
Frédéric	0
Frédérics	0
Frédérique	0
Frédériques	0
Frés	0
frivolité	0
frivolités	0
gáát	1
Galápagos	0
Gé	0
géén	1
gehóórd	1
gék	1
gelóóf	1
gelóóft	1
Gérard	0
Gérards	0
gewóón	1
gezantschapsattaché	0
gézet	1
Gillé	0
glacé	0
glacéhandschoen	0
glacéhandschoenen	0
glacés	0
grand café	0
grand cafés	0
gróót	1
gróte	1
háár	1
Háár	1
habitué	0
habitués	0
hakbijlcomité	0
halló	1
Halló	1
handelsattaché	0
handelsattachés	0
handelscomité	0
havencafé	0
hé	?
Hé	?
héb	1
hébben	1
hééft	1
héél	1
Héél	1
héérlijk	1
Héérlijk	1
Heímans	0
hélaas	1
Hélaas	1
héle	1
Héle	1
hélemaal	1
Hélemaal	1
helemáál	1
Helemáál	1
Hélène	0
Hélènes	0
hém	1
hén	1
Hervé	0
Hervés	0
hét	1
Hét	1
híér	1
Híér	1
hiervóór	1
Hiervóór	1
hóé	1
hoevéél	1
hóéven	1
hóóg	1
hóór	1
hóórde	1
hóórt	1
Hosé	0
hotel-café-restaurant	0
hotel-café-restaurants	0
hotelemployé	0
hotelemployés	0
Hué	0
hún	1
huurderscomité	0
huurderscomités	0
iederéén	1
Iederéén	1
íémand	1
íéts	1
ík	1
ín	1
inéén	1
Inés	0
Inés'	0
in privéhanden	0
instantané	0
instantanés	0
internetcafé	0
Internetcafé	0
internetcafés	0
Internetcafés	0
introducé	0
introducés	0
Introducés	0
invité	0
invités	0
ís	1
já	1
Já	1
Japurá	0
járen	1
jazzcafé	0
Jazzcafé	0
jazzcafés	0
Jérôme	0
Jérômes	0
Jesús	0
Jobé	0
jongerencafé	0
jongerencafés	0
José	0
Josée	0
Joséphine	0
Joséphines	0
Josés	0
journalistencafé	0
júíst	1
kaassoufflé	0
kaassoufflés	0
kabinetsattaché	0
kabinetsattachés	0
kán	1
Karviná	0
kén	1
ként	1
kiescomité	0
kipsaté	0
Klompé	0
Koelé	0
kón	1
Koné	0
kraakcafé	0
Krabbé	0
kredietcomité	0
kúnnen	1
kunstcafé	0
kunstenaarscafé	0
kunstenaarscafés	0
lá	1
lamé	0
Lamé	0
Laméris	0
lancé	0
landbouwattaché	0
laqué	0
László	0
Lászlós	0
Léa	0
Léa's	0
leescafé	0
leescomité	0
legercommuniqué	0
legercommuniqués	0
Léon	0
León	0
Léonard	0
Léonards	0
Léonie	0
Léonies	0
Léons	0
Leóns	0
Liéfde	0
Liégeois	0
lijncliché	0
lijnclichés	0
logé	0
Logé	0
logés	0
Lomé	0
Lucía	0
Lucía's	0
máánden	1
máár	1
Máár	1
macramé	0
macramékoord	0
macramékoorden	0
mág	1
Malé	0
Maná	0
managementcomité	0
Managementcomité	0
Manú	0
María	0
María's	0
Marie-José	0
Marie-Josés	0
marineattaché	0
marineattachés	0
marqué	0
marqués	0
Marqués	0
Marsé	0
masqué	0
Masqué	0
maté	0
Maté	0
Matthéüs	0
Matthéüs'	0
Máxima	0
Máxima Zorreguieta	0
méér	1
Mégane	0
Mélanie	0
Mélanies	0
ménière	0
mensenrechtencomité	0
Mensenrechtencomité	0
mensenrechtencomités	0
mét	1
migratieattaché	0
Mirá	0
móést	1
móét	1
móéten	1
mógen	1
moiré	0
móói	1
mopé	0
mopés	0
mopéstroop	0
Musée	0
museumcafé	0
Museumcafé	0
muziekcafé	0
Muziekcafé	0
muziekcafés	0
ná	1
náást	1
nachtcafé	0
nachtcafés	0
nádat	1
natté	0
natúúrlijk	1
Natúúrlijk	1
néé	1
Néé	1
negligé	0
negligés	0
nérgens	1
Nestlé	0
nét	1
níét	1
niet-rokencoupé	0
niet-rokencoupés	0
niet-rokerscoupé	0
níéts	1
Nobelcomité	0
nóch	1
Noémie	0
Noémies	0
nóg	1
Nóg	1
nóóit	1
Nóóit	1
noordtracé	0
Nouméa	0
nouveauté	0
nouveautés	0
nú	1
Nú	1
ó	?
Océ	0
óf	1
offsetprocedé	0
ófwel	1
óh	?
Ohé	0
oké	?
Oké	?
óm	1
ómdat	1
omdát	1
omkeerprocedé	0
óndanks	1
ónder	1
ónderdeel	1
óns	1
ontvangstcomité	0
ontvangstcomités	0
ontwerptracébesluit	0
ónze	1
óóit	1
óók	1
óp	1
ópen	1
openingsdefilé	0
Oranjecomité	0
organisatiecomité	0
Organisatiecomité	0
organisatiecomités	0
oudercomité	0
Oudercomité	0
oudercomités	0
óver	1
óveral	1
overlegcomité	0
Overlegcomité	0
overlegcomités	0
papier-maché	0
Papier-maché	0
Paraná	0
partijcomité	0
partijcomités	0
passé	0
Passé	0
paté	0
patés	0
Pathé	0
pc-privéproject	0
peigné	0
Pelé	0
Penélope	0
Pérouse	0
persattaché	0
persattachés	0
perscommuniqué	0
perscommuniqués	0
persóónlijk	1
pièce de résistance	0
piqué	0
Piqué	0
plissé	0
plissérok	0
plissérokken	0
plissés	0
pointillé	0
pointillés	0
Pokémon	0
Pollé	0
praatcafé	0
Praatcafé	0
praatcafés	0
preparé	0
présence	0
Présence	0
privé	0
Privé	0
privéaangelegenheden	0
privéaangelegenheid	0
privéactiviteit	0
privéactiviteiten	0
privéadres	0
privéadressen	0
privéarchief	0
privé-audiëntie	0
privéauto	0
privéauto's	0
privébank	0
privébanken	0
privébedrijf	0
privébedrijven	0
privébelang	0
privébelangen	0
privébelegging	0
privébeleggingen	0
privébestaan	0
privébezit	0
privébezoek	0
privébibliotheek	0
privébibliotheken	0
privéchauffeur	0
privéchauffeurs	0
privécoach	0
privécollectie	0
privécollecties	0
privédetective	0
Privédetective	0
privédetectives	0
Privédetectives	0
privédoel	0
privédoeleinden	0
privédoelen	0
privédomein	0
privédruk	0
privé-eigendom	0
Privé-eigendom	0
privéfeest	0
privéfeestjes	0
privéfirma	0
privéfoto	0
privéfoto's	0
privégebied	0
privégebruik	0
Privégebruik	0
privégedeelte	0
privégedrag	0
privégegevens	0
privégesprek	0
privégesprekken	0
privégrond	0
privéhandel	0
privéhanden	0
privéhuis	0
privéhuizen	0
privé-informatie	0
privé-initiatief	0
privé-initiatieven	0
privéjacht	0
privéjet	0
privéjets	0
privékantoor	0
privékapitaal	0
privékarakter	0
privékeuze	0
privékeuzes	0
privékilometers	0
privéklanten	0
privékliniek	0
privéklinieken	0
Privéklinieken	0
privékluis	0
privékwestie	0
privéleger	0
privélegers	0
privélegertje	0
privélegertjes	0
privéleraar	0
privéles	0
privélessen	0
Privélessen	0
privéleven	0
privélevens	0
privémail	0
privémarkt	0
privémilitie	0
privémilities	0
privémuseum	0
privéomstandigheden	0
privéondernemer	0
privéondernemers	0
privéonderneming	0
privéondernemingen	0
privéonderwijs	0
privéorganisaties	0
privépartner	0
privépartners	0
privépersonen	0
privépersoon	0
privépraktijk	0
privéprobleem	0
privéproblemen	0
privéreden	0
privéredenen	0
privéreis	0
privéreisjes	0
privéreizen	0
privérekening	0
privérekeningen	0
privéruimte	0
privés	0
privéscholen	0
privéschool	0
privésecretaresse	0
privésecretaresses	0
privésecretaris	0
privésecretarissen	0
privésector	0
privésfeer	0
privésituatie	0
privésponsor	0
privéstrand	0
privéterrein	0
privétijd	0
privétrainer	0
privétransactie	0
privétuin	0
privé-uitgave	0
privé-uitgaven	0
privévermogen	0
privévermogens	0
privévertrekken	0
privévervoer	0
privéverzamelaar	0
privéverzamelaars	0
privéverzameling	0
privéverzamelingen	0
privévliegtuig	0
privévliegtuigen	0
privévliegtuigje	0
privéwereld	0
privéwoning	0
privéwoningen	0
privézaak	0
privézaken	0
privéziekenhuizen	0
privézwembad	0
procedé	0
procedés	0
prostitué	0
prostitués	0
protegé	0
protegés	0
psyché	0
psychés	0
Puerto Banús	0
quarté	0
quartés	0
Rabé	0
Ramón	0
Ramóns	0
rampcafé	0
rapé	0
rassé	0
rastercliché	0
rasterclichés	0
ratiné	0
Raúl	0
Raúls	0
redactiecomité	0
référé	0
référés	0
refugié	0
refugiés	0
régence	0
Rémi	0
Rémi's	0
Rémy	0
Rémy's	0
René	0
René Descartes	0
Renée	0
Renées	0
Renés	0
resumé	0
Resumé	0
resumés	0
Réunion	0
Réunions	0
réussite	0
réussites	0
Roméo	0
Roméo's	0
rookcafé	0
rookcafés	0
rookcoupé	0
rookcoupés	0
rosé	0
Rosé	0
Rothé	0
rugdecolleté	0
rugdecolletés	0
Salomé	0
Salomés	0
sámen	1
sanctiecomité	0
Sanctiecomité	0
sanctiecomités	0
San José	0
santé	0
Santé	0
Sao Tomé	0
Sao Tomé en Principe	0
saté	0
Saté	0
saté ajam	0
satéprikker	0
satés	0
satésaus	0
Satésaus	0
satéstokje	0
satéstokjes	0
schaakcafé	0
schoolcomité	0
Sébastien	0
Sébastiens	0
selectiecomité	0
Selectiecomité	0
slaapcoupé	0
slaapcoupés	0
slotcommuniqué	0
slotcommuniqués	0
Solé	0
solvayprocedé	0
soufflé	0
Soufflé	0
soufflébak	0
soufflébakje	0
soufflébakjes	0
soufflémengsel	0
soufflés	0
soufflévorm	0
soufflévormpjes	0
spécialité	0
spécialités	0
spoortracé	0
spoortracés	0
sportcafé	0
Sportcafé	0
sportcafés	0
sportcomité	0
Sportcomité	0
sportcoupé	0
Sportcoupé	0
SportCoupé	0
staatscomité	0
stadscafé	0
Stadscafé	0
stakerscomité	0
stakingscomité	0
stakingscomités	0
stamcafé	0
Stamcafé	0
stamcafés	0
Stéphane	0
Stéphanes	0
Stéphanie	0
Stéphanies	0
steuncomité	0
Steuncomité	0
steuncomités	0
stiltecoupé	0
stiltecoupés	0
Stompé	0
Straat La Pérouse	0
studentencafé	0
Studentencafé	0
stuurcomité	0
stuurcomités	0
subcomité	0
Subcomité	0
succés	1
súper	1
supporterscafé	0
taboulé	0
taugé	0
té	1
tégen	1
tempé	0
theatercafé	0
Theatercafé	0
Thérèse	0
Thérèses	0
tiercé	0
tiercés	0
tjabé	0
tjabés	0
tóch	1
Tomás	0
Tomás'	0
Tomé	0
Tórshavn	0
tót	1
tracé	0
Tracé	0
tracébesluit	0
Tracébesluit	0
tracédeel	0
tracédelen	0
tracégedeelten	0
tracékeuze	0
tracés	0
tragédien	0
tragédienne	0
tragédiennes	0
treincoupé	0
treincoupés	0
Trocadéro	0
tunneltracé	0
twéé	1
twééde	1
tweedeklascoupé	0
tweedeklascoupés	0
twéémaal	1
ú	1
Univé	0
úren	1
úw	1
Valérie	0
Valéries	0
Valéry	0
Valéry's	0
variété	0
Variété	0
variétéartiest	0
variétéartieste	0
variétéartiesten	0
variéteetje	0
variétégezelschap	0
variéténummer	0
variéténummers	0
variétés	0
variététheater	0
Variététheater	0
variététheaters	0
véél	1
Velázquez	0
vér	1
vérgaand	1
vérgaande	1
vergéét	1
verkiezingscomité	0
Véronique	0
Véroniques	0
vérstrekkende	1
vidé	0
vidés	0
Visé	0
Visée	0
vólgend	1
vólgende	1
volkscafé	0
volkscafés	0
volkscomité	0
vóór	1
Vóór	1
vóóraan	1
vóóraf	1
vóórafgaand	1
vóóral	1
vóórdat	1
Vóórdat	1
vóórgaat	1
voorkeurstracé	0
Voorkeurstracé	0
vóórkomen	1
Vóórkomen	1
voorkómen	1
Voorkómen	1
vóórkomende	1
vóórkomt	1
vóórstemmers	1
vóóruit	1
vréét	1
vrouwencafé	0
vrouwencafés	0
vrouwencomité	0
Vrouwencomité	0
wáár	1
Wáár	1
wáárom	1
Wáárom	1
waaróm	1
waaróp	1
waarvóór	1
wás	1
wát	1
wedstrijdcomité	0
wéér	1
wéét	1
wég	1
wél	1
wélk	1
wélke	1
welkomstcomité	0
wengé	0
werkcomité	0
werkcomités	0
werkcoupé	0
werkcoupés	0
wérkelijk	1
wéten	1
wíé	1
wijkcomité	0
Wijkcomité	0
wijkcomités	0
wíl	1
wíllen	1
wórden	1
Yaoundé	0
zál	1
zálig	1
Zalné	0
zéér	1
zég	1
zégt	1
zéker	1
zélf	1
zélfs	1
ziekte van Ménière	0
zó	1
zódanig	1
Zoé	0
Zoés	0
zómaar	1
zónder	1
zóveel	1
zovéélste	1
zóver	1
zózeer	1
zúlke	1
